"","V1","V2","V3","V4","V5","V6","V7","V8","V9","V10","V11","V12","V13","V14","V15","V16","V17","V18","V19","V20","V21","V22","V23","V24","V25","V26","V27","V28","V29","V30","V31","V32","V33","V34","V35","V36","V37","V38","V39"
"1",152.920551136944,124.099825589406,105.426231060198,143.497280896673,42.5043691726384,370.997898454035,234.882572377759,169.717688932503,131.994788218049,83.9281076547555,113.130351015009,135.952056123226,140.906414926733,137.302027943693,308.270717632315,160.853432066003,209.481943695855,76.4348609567264,70.7352063264209,98.86898143846,241.182010126524,223.547335983363,146.649323297185,193.869168237587,394.005161805151,378.146922614503,407.982568003422,243.500378996891,126.630389522215,199.882857949885,211.673959746527,188.740306964385,117.858529247616,412.736498589487,162.012002167266,245.454349056029,206.480046319607,292.069752577409,69.2377732009065
"2",362.146577169498,177.783458007296,229.16333383085,33.3924490136912,163.945423951605,67.1055630278616,218.230449709186,137.031319212169,148.64277952483,79.2654350072691,52.0181356757117,121.311065463802,161.34879636688,109.333096325533,169.837297656057,92.6655641249799,309.746805635751,76.4348609567264,161.142333938888,113.496173212917,95.6133581347911,130.20651850259,57.8335359481857,120.839860961098,36.980006654067,54.1499173194993,44.7606774248359,160.244734707513,209.676365906552,19.6495012899887,41.3177398904632,245.919005857081,273.172099569687,52.289252355087,139.004380557713,160.846978737474,151.134879264867,58.4139505154818,63.9792081476731
"3",112.610949791222,52.9864423864881,47.1643665269305,0,12.1441054778967,11.5038108047763,54.3385055500785,24.5147772902504,NA,25.4327598953804,19.2794488868022,3.4859501570058,21.1724664915816,12.0774931987508,69.8576054509819,14.5700572523553,90.417420142228,13.8972474466775,69.8981032929722,58.7796410195776,4.29722957909174,0,7.57343923131004,0,0,4.51249310995827,0,5.37133188963731,20.6142494571048,0,14.6201233458562,16.6982041014067,66.420272838699,4.18314018840696,10.5451599043782,40.9090581760049,21.2866027133616,14.1324073827778,36.8099553726338
"4",18.5552133178718,18.8241308478313,19.9754964114059,27.0749586597496,12.1441054778967,31.6354797131347,116.564858680007,116.288046120419,43.4036916212502,47.4744851380435,45.1066351313864,29.2819813188487,37.2343376231262,19.0697261032907,122.411033404932,37.8821488561239,141.445073093782,48.0613140864265,27.205848587085,34.4009880621491,44.5837568830768,17.2562855846806,27.5397790229456,15.7617209949258,26.2221865365203,42.4174352336078,29.3512638851383,10.7426637792746,35.3387133550369,29.8130364399829,29.8759042284888,16.6982041014067,43.9472481940264,55.0780124806916,23.0076216095525,58.5743332974616,29.8012437987062,58.4139505154818,95.5305984670735
"5",139.484017355036,145.015526531441,72.6886119415046,433.199338555994,588.98911567799,1316.22768624648,743.210527523655,470.180856746342,649.271660964455,493.395541970381,342.664921723919,592.611526690986,589.908721558549,492.634591001677,344.160863552085,810.095183230957,484.315092048964,597.002588230189,162.397988489061,488.385680913817,774.038477933899,683.976410447341,282.971229460766,484.935615943883,563.440828656512,690.411445823616,604.636036033849,988.325067693264,432.899238599201,416.704941149761,417.627001662067,662.868102207358,411.506051271338,801.768536111334,658.593168573441,820.040666164462,798.247601751058,960.061541536708,436.460899418373
"6",3.83900965197348,0,0,16.2449751958498,0,171.598511171246,56.9677880766952,48.4009705474175,175.993050957398,66.5490550595788,54.2007147949723,146.409906594244,31.3936572116554,87.085082538361,34.6083549940644,174.840687028264,51.9228749331606,150.553514005673,4.18551516724384,52.2786668975966,77.8872861210377,175.700362316748,53.0140746191703,13.1347674957715,12.1025476322401,9.92748484190821,60.1700909645335,307.956361672539,91.8806547230958,35.2335885199798,26.697616544607,87.5390699861626,28.4658312165853,61.3527227633021,46.0152432191051,56.7148306530977,23.4152629846977,68.7777159295188,0
"7",179.793618700758,163.142467347871,199.200089213742,57.7599118074659,91.0807910842252,420.847745274732,613.499256210564,451.323335753841,698.621063766699,1271.63799476902,902.860229000814,971.882903773217,335.109038608136,406.185166000092,456.958465014221,716.846816815883,519.228749331606,609.741731722977,234.80740088238,507.346855436262,567.771458137496,514.551061070477,108.093632665061,245.357456821011,187.589488299722,275.262079707455,271.499190937529,469.096318361658,174.926631107432,149.065182199915,161.457014341195,123.971515298323,184.278802086315,111.550405024186,70.9401666294537,605.268110740436,292.336010596832,120.596542999704,70.990628218651
"8",57.5851447796022,50.1976822608835,68.24961273897,8.12248759792489,39.4683428031643,288.553921019805,245.399702484226,189.83237799117,241.990445066423,201.342682505095,151.32548560207,209.854199451749,118.273778332283,NA,192.268638855913,169.012664127322,299.004141856477,199.772932045989,67.8053457093502,66.0932369068061,82.7216693975159,190.603518048972,13.7698895114728,0,33.6181878673337,11.7324820858915,38.1566430506798,279.30925826114,0,0,9.53486305164536,19.2282350258623,57.43106298083,27.8876012560464,2.87595270119407,259.400618888758,181.645676487352,26.3804937811853,42.0685204258672
"9",12.7966988399116,23.7044610676394,8.32312350475244,1.80499724398331,0,0,0,10.6859285624169,13.6751357162843,66.1251757279892,48.7442669968208,5.57752025120928,0,34.9611645226997,23.0722366627096,5.82802290094213,32.2279913378238,15.0553514005673,4.18551516724384,48.757305914857,14.5031498294346,0,4.81946132901548,0,0,0,1.46756319425691,0,0,0,0,0.506006184891113,23.4718257399914,0,1.91730180079604,96.6941375069207,0,3.76864196874076,0
"10",323.756480649764,354.172535951789,205.303713117227,188.622211996256,224.665951341089,78.6093738326378,99.9127360114347,81.0873402677514,148.04820840673,281.031996843954,110.584008709205,78.0852835169299,111.703012869379,NA,89.0844693365732,203.980801532975,120.854967516839,88.5949524725692,447.431571378367,217.511759164612,414.682654382352,92.556440863287,221.695221134712,162.871116947566,130.438568925255,117.324820858915,151.892790605591,117.274079590415,495.330965526433,281.191139149839,286.045891549361,351.674298499324,552.337005711286,109.458834929982,218.572405290749,109.710656017468,110.69033410948,107.406296109112,68.3613456920343
"11",114.530454617209,87.8459439565461,144.267474082376,16.2449751958498,109.29694930107,158.177398565674,96.4070259759458,54.686810878251,426.90206279531,770.612624830028,437.607113411756,318.61584435033,166.459391726917,139.209000554022,74.3438736909532,381.73550001171,87.7317541974093,309.79280766552,210.112861395641,819.122739369597,966.339501598254,145.109674234814,89.5042818245732,182.310572841308,145.902935344228,27.9774572817413,71.9105965185888,84.1508662709845,494.741986970516,68.4344700099608,99.1625757371118,390.130768551048,248.202072186717,71.8105732343195,26.8422252111446,158.98747609311,160.35907377399,45.2237036248891,69.2377732009065
"12",28.7925723898011,6.27471028261044,89.8897338513263,14.4399779518665,91.0807910842252,423.723697975926,196.319761987381,165.946184734003,844.885558819131,531.544681813451,413.59874309989,617.013177790026,260.640363361883,381.394522065814,81.3937237823367,847.977332087081,267.671372500259,623.059927192709,62.7827275086576,406.310882623808,763.29540398617,794.573513512794,4.13096685344184,167.599633246044,416.193165797591,111.909829126965,338.273316276219,526.390525184456,160.791145765418,92.8269543699468,13.3488082723035,174.572133787434,49.9400547659391,175.691887913092,36.4287342151248,461.156655802237,406.574111825206,128.133826937186,162.139089141363
"13",1.91950482598674,0,2.77437450158415,2.70749586597496,0,136.128427856519,166.521226685725,130.116894848252,102.860803431182,46.2028471432745,22.9170807522366,156.867757065261,210.264494812948,216.123562503962,119.206556090666,40.2133580165007,110.112303737565,166.187917383185,1.67420606689754,14.8980656962063,44.0466031856903,256.491153917753,0,0,20.1709127204002,115.519823614932,36.6890798564229,326.75602328627,0,2.03270702999883,9.53486305164536,0,5.99280657191269,86.4515638937438,185.978274677216,169.214740637111,374.644207755163,49.9345060858151,0
"14",238.658433364351,134.557676060424,210.297587220078,14.4399779518665,212.521845863192,170.639860270848,429.449479347395,341.949713997339,371.606948812074,282.303634838723,214.620280060629,205.671059263342,310.286146859385,298.759042284888,303.784449392343,364.251431308883,469.096318361658,257.678129740479,147.330133886983,147.897161275066,152.01449636037,232.175478775703,37.1787016809766,112.959000463635,20.8432764777469,26.172460037758,50.6309302018635,165.61606659715,163.147059989087,44.0419856499748,42.589054964016,126.501546222778,299.140928047975,37.6482616956626,20.1316689083585,365.392269617498,261.825213374347,30.1491357499261,0
"15",78.0598629234608,96.2122243333601,71.0239872405541,75.809884247299,85.0087383452769,2.87595270119407,0,5.02867226466676,4.16199782669523,13.9880179424592,10.9128955963032,2.09157009420348,4.38051030860308,1.27131507355271,5.7680591656774,7.57642977122477,6.26655387124352,0,27.205848587085,18.6903006006952,6.98299806602407,0,48.8831077657284,34.1503954890059,8.74072884550675,13.5374793298748,14.6756319425691,0,54.7750057003071,5.42055207999689,31.7828768388179,25.8063154294468,78.4058859825244,1.39438006280232,104.492948143384,2.78925396654579,4.25732054267231,48.0501851014447,222.612587253548
"16",99.1744160093149,91.3318941135519,48.828991227881,161.547253336506,91.0807910842252,205.151292685177,648.556356565453,756.815175832347,795.536156016888,991.877635919838,702.790476401923,803.860106205537,595.019316918586,631.843591555699,822.90977430331,821.751229032841,927.449972944042,772.455337244493,228.110576614789,542.01871742016,734.826258024687,680.054527359914,152.845773577348,154.990256450104,209.105128534815,142.594782274681,195.18590483617,349.136572826425,322.76024864267,100.280213479943,142.387288237904,200.378449216881,173.291990037809,147.107096625645,144.756285960101,448.14013729169,432.11803508124,152.629999734001,74.4963382541399
"17",14.0763687239028,25.7960311618429,5.54874900316829,31.5874517697079,12.1441054778967,2.87595270119407,3.50571003548894,9.42876049625017,28.5394136687673,30.5193118744565,10.9128955963032,10.4578504710174,7.30085051433847,13.9844658090799,11.5361183313548,43.710171757066,20.590105576943,7.52767570028366,0.837103033448769,91.5553855512314,100.984895108656,9.4125194098258,63.3414917527749,124.517595859914,114.301838748934,36.0999448796662,57.9687461731481,8.95221981606218,445.267788273464,128.738111899926,206.588699452316,245.41299967219,172.792589490149,16.0353707222267,43.139290517911,7.43801057745544,2.12866027133616,16.9588888593334,6.13499256210564
"18",33.2714169837702,23.0072710362383,62.1459888354849,6.31749035394158,12.1441054778967,124.624617051743,92.0248884315846,84.8588444662515,291.934418986765,222.112769752989,116.4042196939,225.889570173976,99.2915669950032,179.255425370933,88.4435738737202,273.91707634428,124.435855443264,243.780882293802,25.1130910034631,156.565126771041,259.445235837664,209.428556868624,10.3274171336046,63.0468839797032,59.8403744038539,4.51249310995827,135.749595468765,132.49285327772,74.8002766014947,16.9392252499903,20.3410411768434,87.5390699861626,62.4250684574239,15.3381806908255,7.66920720318418,82.7478676741917,120.624082042382,10.3637654140371,14.0228401419557
"19",0.63983494199558,2.09157009420348,0,0,0,0.958650900398022,0,0,0,0,0,0,2.19025515430154,0,0,0,0,0,0,0,0,0,0,0,73.9600133081341,42.4174352336078,40.3579878420651,0,0,0,0,0,1.49820164297817,121.311065463802,0,5.57850793309158,0,338.235616694483,20.1578327040614
"20",1.91950482598674,5.57752025120928,0,67.6873966493741,0,140.921682358509,5.25856505323341,13.8288487278336,119.508794737963,50.8655197907609,18.1881593271719,80.8740436425345,15.3317860801108,98.5269182003354,0,157.356618325438,0,74.6977050258917,16.7420606689754,86.9505288814949,242.256317521297,137.26590805996,33.7362293031084,122.41603306059,174.814576910135,316.777016319071,253.154651009318,143.235517056995,73.0333409337428,60.981210899965,73.7362742660575,57.6847050775869,43.9472481940264,962.122243333601,155.30144586448,5.57850793309158,0,617.115122381299,36.8099553726338
"21",59.5046496055889,15.3381806908255,26.6339952152078,0,18.216158216845,0,6.13499256210564,7.54300839700013,7.72942453529114,0,1.81881593271719,13.9438006280232,10.2211907200739,9.53486305164536,14.099700182767,6.99362748113056,0,8.10672767722856,11.7194424682828,7.31359588722855,0.537153697386467,7.84376617485483,4.81946132901548,0,0,0,0,0,0,0,4.4496027574345,0,12.4850136914848,2.09157009420348,0,5.57850793309158,0,14.1324073827778,0
"22",57.5851447796022,73.9021433285229,56.5972398323166,383.561914346453,41.2899586248488,197.482085481993,NA,163.43184860167,277.070141034282,176.757681272894,129.135931222921,340.228735323766,197.853048938573,186.883315812249,152.533120159025,285.573122146165,255.138264757772,254.20381787881,75.7578245271136,170.921444623749,266.428233903688,287.866218617172,159.042223857511,91.9433724704004,125.059658866481,285.189564549363,154.827916994104,214.853275585492,290.955406623137,145.677337149916,214.852247430409,280.833432614568,221.73384316077,296.305763345493,585.735700143192,188.739518402932,184.483890182467,416.434937545854,24.5399702484226
"23",159.958735498895,239.833370801999,82.6763601472076,361.901947418654,91.0807910842252,645.172055967869,718.670557275232,467.666520614008,529.762866226493,527.305888497555,309.198708561923,583.548056282771,681.899438039213,492.634591001677,492.207715471139,568.232232841858,664.254710351814,393.176292345585,497.239201868569,266.539939001218,726.76895256389,702.801449266993,285.725207363061,278.457070910356,328.113513585177,345.656972222804,466.685095773699,564.885070393523,253.849757600348,230.373463399868,262.526562688636,238.328913083714,332.101364193495,343.017495449371,201.316689083585,120.867671883651,681.17128682757,302.433517991446,186.679059389786
"24",59.5046496055889,127.585775746412,64.920363337069,154.327264360573,103.224896562122,596.28086004757,353.20028607551,229.433172075421,622.515960649986,780.78572878818,456.522799112015,388.334847490446,234.357301510265,144.92991838501,103.18416951934,667.308622157874,207.691499732643,268.101065325487,329.40004366209,534.975995454681,642.972975771601,729.470254261499,131.502444834565,220.13870322913,131.783296439948,164.254749202481,151.159009008462,638.293272885233,313.336591747993,169.392252499903,143.02294577468,231.75083268013,283.659511070534,467.117321038777,204.192641784779,645.247417594259,107.852120414365,172.41537006989,86.7663233783512
"25",65.9029990255447,26.4932211932441,56.5972398323166,2.70749586597496,0,0,0,1.88575209925003,0,0,0,0,0.730085051433847,0,0,6.41082519103635,0,0,25.5316425201874,72.594211028787,0,0,10.3274171336046,0,2.01709127204002,0,0,0,0,0,0,0,59.9280657191269,0,2.87595270119407,0,0,0,49.0799404968451
"26",197.708997076634,179.177838070098,175.340468500118,198.549696838164,115.369002040019,77.6507229322398,131.464126330835,89.2589326978349,43.4036916212502,64.8535377332202,43.6515823852126,88.5431339879473,73.7385901948186,50.8526029421086,109.593124147871,35.550939695747,141.445073093782,55.0099378097652,76.1763760438379,49.5699276801046,42.9722957909174,68.240765721237,112.913093994077,48.3359443844391,66.5640119773207,143.497280896673,81.4497572812588,88.6269761790156,60.6647912594799,68.4344700099608,72.4649591925048,57.1786988926958,121.853733628891,90.6347040821508,200.358038183187,106.921402050922,59.6024875974124,117.770061523149,49.0799404968451
"27",0,0,0,11.7324820858915,0,0,0,0,0,0,0,0,0,0,0,0,0,0,0,0,0,0,0,0,0,0,0,0,0,0,0,0,0,0,5.75190540238813,5.57850793309158,0,0,0
"28",20.4747181438586,16.7325607536278,43.2802422247127,15.3424765738581,0,34.5114324143288,49.0799404968451,60.9726512090844,16.0534201886816,17.3790525951766,4.7289214250647,27.8876012560464,40.8847628802954,31.7828768388179,50.6307415653906,16.9012664127322,65.3512046572539,20.8458711700163,39.3438425720921,43.0689535581237,15.5774572242075,31.3750646994193,10.3274171336046,0,24.8774590218269,29.7824545257246,22.0134479138537,25.0662154849741,15.3134424538493,9.48596613999456,6.35657536776357,5.06006184891113,37.4550410744543,26.4932211932441,24.9249234103486,50.2065713978242,30.5107972224849,28.2648147655557,16.6521226685725
"29",273.849355174108,320.010224413132,196.980589612474,98.3723497970904,30.3602636947417,6.71055630278616,89.3956059049679,128.859726782086,85.6182410063018,161.074146004076,106.218850470684,64.8386729203079,56.9466340118401,44.496027574345,127.538197107756,129.96491069101,213.958053603886,102.492199919247,285.870685922754,182.298149337215,262.668158021982,32.9438179343903,134.944917212433,215.410186930652,44.3760079848804,0,41.8255510363221,11.6378857608808,381.658104234398,43.3644166399751,128.402822428824,201.390461586663,568.317823236387,8.36628037681392,51.7671486214932,55.7850793309158,29.8012437987062,0,0
"30",182.35295846874,158.959327159464,149.816223085544,110.104831882982,127.513107517915,281.843364717019,269.063245223776,231.318924174671,236.044733885429,206.429234484171,185.519225137154,299.094523471098,325.617932939496,202.139096694882,192.909534318767,218.55085878533,246.18604494171,214.828283446557,283.359376822408,170.921444623749,200.895482822539,243.941128037985,140.452873017023,73.5546979763204,54.4614643450805,66.7848980273825,50.6309302018635,246.18604494171,265.040350162776,79.9531431799542,95.98428805323,109.803342121372,301.138530238613,102.48693461597,138.045729657315,270.557634754941,151.134879264867,53.7031480545558,148.99267650828
"31",218.183715220493,377.179806988027,215.846336223247,656.116498187933,145.72926573476,458.235130390255,440.843036962734,336.921041732673,462.57632988127,492.123903975612,374.676082139742,504.068392703039,478.935793740604,521.239180156613,269.816989861132,568.815035131952,374.202788311399,448.18623015535,296.334473840864,430.418661659487,577.440224690452,427.485256529588,672.659102635446,415.058652866379,406.780073194737,552.329156658893,419.723073557478,538.923632926943,824.569978284193,569.157968399674,500.262481442993,0,474.929920824081,424.588729123306,492.746562804584,442.561629358598,425.732054267231,524.783394147151,403.156654081228
"32",24.9535627378276,11.1550405024186,39.9509928228117,32.4899503916996,12.1441054778967,19.1730180079604,93.7777434493291,96.801941094835,66.5919652271236,82.2325903283968,60.0209257796673,81.5712336739357,64.9775695776124,60.387465993754,102.543274056487,58.2802290094213,152.187736873057,99.0178880575774,49.8076304902017,61.7592541588188,68.2185195680813,62.7501293988387,9.63892265803096,0,23.5327315071336,19.8549696838164,22.0134479138537,40.2849891722798,0,13.5513801999922,0,0,15.9808175251005,23.7044610676394,63.2709594262695,39.979306853823,40.444545155387,21.6696913202594,71.8670557275232
"33",94.0557364733503,41.1342118526684,113.74935456495,0,108.082538753281,0,11.393557615339,23.2576092240837,1.78371335429795,13.1402592792799,10.9128955963032,0,5.11059536003693,6.99223290453993,33.9674595312114,0,39.3897671906736,0,38.5067395386434,23.0242833486825,8.59445915818347,8.62814279234031,17.212361889341,0,0,0,1.46756319425691,0,35.3387133550369,0,5.08526029421086,0,35.4574388838168,0,7.66920720318418,4.64875661090965,2.12866027133616,0,44.6978029524839
"34",97.8947461253237,56.4723925434939,57.7069896329502,17.1474738178414,0,4.79325450199011,0,3.14292016541672,0,1.27163799476902,1.81881593271719,0,1.46017010286769,0,8.33164101708958,0,0,0,38.088188021919,22.2116615834348,2.68576848693233,0,12.3929005603255,15.7617209949258,8.06836508816008,0,0,0,33.571777687285,0.677569009999612,13.9844658090799,0,77.4070848872056,6.9719003140116,0.958650900398022,3.71900528872772,0,5.65296295311114,21.9106877218059
"35",256.573811740228,232.861470487987,275.772825457464,129.057302944807,303.602636947417,17.2557162071644,18.4049776863169,20.114689058667,4.75656894479455,11.0208626213315,5.45644779815158,26.4932211932441,18.2521262858462,14.6201233458562,21.7904457370035,42.5445671768776,18.7996616137306,10.4229355850081,93.3369882295377,46.5903145408633,77.3501324236512,22.746921907079,114.978577420798,91.9433724704004,22.8603677497869,32.4899503916996,63.1052173530473,8.05699783445596,178.460502442936,90.794247339948,102.97652095777,0,251.198475472674,23.7044610676394,147.632238661295,8.36776189963737,4.96687396645103,40.5129011639632,201.578327040614
"36",87.0175521113989,105.972884772976,87.1153593497422,129.057302944807,145.72926573476,191.730180079604,87.6427508872234,71.0299957384179,99.8879478406855,60.6147444173234,54.5644779815158,100.395364521767,103.672077303606,76.2789044131629,51.9125324910966,105.487214507053,36.7041012458549,65.4328733947734,53.1560426239968,31.9631227664062,87.0188989766076,134.912778207503,88.8157873489995,78.8086049746289,70.5981945214007,94.7623553091238,103.463205195112,187.996616137306,104.249204397359,105.02319654994,98.5269182003354,0,158.309973608027,108.06445486718,116.955409848559,108.780904695286,112.109440957038,110.232777585667,59.5970706033119
"37",1.27966988399116,1.39438006280232,1.66462470095049,2.70749586597496,0,0,0,3.77150419850007,0,0,0,0,0,0,0,0,0,2.89525988472449,0,0,0,0,0,0,0,1.80499724398331,0,0,0,0,4.4496027574345,0,0,3.4859501570058,2.87595270119407,2.78925396654579,0,2.82648147655557,0
"38",0,0,0,0,0,0,0,0,0,0,0,0,0,0,0,0,0,0,0,0,0,0,0,0,0,0,0,0,0,0,0,0,0,0,0,0,0,0,0
"39",72.9411833874961,30.676361381651,140.383349780158,29.7824545257246,54.6484746505351,0,0,17.6003529263336,0,23.3133632374321,14.5505274617375,2.78876012560464,1.46017010286769,6.35657536776357,12.1770137942079,5.82802290094213,13.4283297240933,0,40.1809456055409,50.111675523603,25.2462237771639,2.35312985245645,27.5397790229456,15.7617209949258,0,0.902498621991655,0,0,21.7922065689394,1.35513801999922,13.3488082723035,33.3964082028135,67.9184744816772,0.69719003140116,26.8422252111446,9.29751322181929,7.09553423778719,0,2.6292825266167
"40",145.882366774992,107.367264835779,51.0484908291483,18.0499724398331,48.5764219115868,20.1316689083585,27.1692527750393,18.228936959417,23.7828447239727,77.9937970125001,34.5575027216267,35.5566916014591,26.2830618516185,30.5115617652652,44.2217869368601,15.7356618325438,63.5607606940415,45.166054201702,101.708018564025,83.1582939770061,48.8809864621685,24.31567514205,60.5875138504803,42.0312559864688,36.3076428967204,7.21998897593324,38.8904246478082,2.68566594481865,110.727968512449,15.5840872299911,33.0541919123706,47.5645813797646,228.226050280342,6.27471028261044,14.3797635059703,12.0867671883651,6.38598081400847,10.3637654140371,0
"41",672.466524037355,836.628037681392,680.276627788433,533.376685597068,479.692166376919,442.896715983886,908.855326700507,612.869432256261,706.945059420089,637.09063537928,471.073326573753,937.72059223456,743.95666741109,628.665303871818,618.464121653188,731.999676358332,1130.66536276865,690.809008495262,704.422202647139,569.647857438579,918.532822530859,868.30491555643,681.609530817903,634.671965395678,523.099003215712,291.507054903305,565.011829788912,647.245492701295,947.666496470905,614.555092069648,576.541385856156,723.082838209401,1101.67760813662,332.559644978353,534.927202422096,741.94155510118,618.730585535043,358.020987030372,269.063245223776
"42",193.869987424661,244.713701021807,170.346594397267,351.974462576745,224.665951341089,281.843364717019,182.296921845425,263.376709861921,486.953745723342,778.666332130231,694.787686297967,459.448230693364,292.034020573539,296.216412137783,325.574895129347,635.837298492787,475.362872232902,407.073539792263,438.641989527155,455.880810303913,877.709141529487,458.860321229008,253.365967011099,557.964923220373,775.907775978061,542.401671816985,555.472669026242,341.079574991969,654.355175624099,292.032243309833,354.696905521207,588.485193028365,354.574388838168,336.74278516676,372.915200254831,272.417137399305,256.858339407896,570.00709777204,219.106877218059
"43",0.63983494199558,347.200635637778,3.32924940190098,411.539371628195,510.052430071661,251.166535904282,563.542888204847,614.755184355511,1084.49771941316,1637.8697372625,762.083875808504,617.013177790026,531.501917443841,450.681193574437,589.623825824801,1069.44220232288,844.194328654663,672.85839720997,1290.812877578,1489.80656962063,2481.65008192548,441.604035644327,826.193370688368,832.218868532082,887.520159697609,977.406007616962,1097.00348770704,296.318475911658,1077.24177877271,779.204361499553,679.517906813926,1536.23477732942,1126.14823497193,326.982124727144,454.400526788663,427.685608203688,449.856870675708,1146.60931898938,503.069390092663
"44",89.5768918793812,42.5285919154707,105.981105960514,17.1474738178414,36.4323164336901,22.0489707091545,109.553438609029,66.6299075068345,15.4588490705823,52.9849164487093,27.2822389907579,15.3381806908255,43.8051030860308,30.5115617652652,91.0071557251324,17.4840687028264,100.264861939896,35.9012225705836,60.2714184083113,81.2621765247616,37.6007588170527,27.4531816119919,26.1627900717983,10.5078139966172,3.36181878673337,0.902498621991655,11.0067239569269,26.8566594481865,31.2158634636159,3.38784504999806,10.8061781251981,14.1681731769512,96.8837062459218,23.7044610676394,21.0903198087565,85.5371216407375,40.444545155387,6.59512344529633,37.6863828815061
"45",53.1063001856331,59.2611526690986,64.920363337069,166.059746446465,206.449793124244,466.862988493837,561.790033187102,708.414205284929,513.709446037811,518.404422534172,467.435694708318,679.06309058473,608.160847844395,441.781988059568,919.68498919412,484.308703068291,1198.70223337073,626.534239054379,228.529128131514,293.356457254389,389.973584302575,636.129436780727,46.8176243390075,161.294944848074,135.145115226681,221.112162387955,266.36271975763,632.02671901399,127.80834663405,132.803525959924,108.697438788757,124.983527668105,46.4442509323234,213.340149608755,278.008761115427,595.970597518617,676.913966284897,202.564505819816,301.491063052049
"46",264.251831044175,246.805271116011,229.718208731167,83.0298732232323,121.441054778967,165.846605768858,186.679059389786,265.262461961171,133.183930454247,153.020438703872,107.310140030314,155.473377002459,188.361943269933,172.263192466393,302.502658466637,117.726062599031,487.000757993782,179.506112852918,277.499655588267,154.398135397047,182.632257111399,168.640972759379,132.879433785712,127.669940058899,92.1138347564943,103.78734152904,152.626572202719,161.139956689119,204.375558903296,132.125956949924,171.627534929617,125.489533852996,180.7829982527,111.550405024186,121.748664350549,180.371756503294,140.491577908186,114.001419554408,202.454754549486
"47",332.714169837702,353.475345920388,230.273083631484,148.009774006631,230.738004080037,68.0642139282596,79.7549033073733,66.6299075068345,54.105971747038,77.1460383493207,40.0139505197782,51.5920623236858,86.8801211206278,69.286671508623,110.234019610724,59.4458335896098,142.340295075389,37.6383785014183,231.877540265309,146.271917744571,127.305426280593,81.5751682184902,141.141367492596,42.5566466862996,34.2905516246803,32.4899503916996,30.8188270793952,102.055305903109,213.799215797973,99.6026444699429,107.426123715204,105.249286457352,436.975479201967,67.6274330459125,140.921682358509,110.64040733965,67.4075752589783,74.43067888263,121.823423733241
"48",42.8689411137039,29.9791713502499,53.8228653307324,1.80499724398331,12.1441054778967,0,0,0,0,1.27163799476902,0,0,0,0,0,0,0,0,7.9524788177633,6.23010020023172,0,0,16.5238674137674,0,0,0,0,0,0,0,0,0,15.9808175251005,0,0,0,0,0,0
"49",53.7461351276287,172.205937756086,67.1398629383363,113.714826370949,510.052430071661,64.2296103266675,12.2699851242113,4.40008823158341,38.0525515583564,20.770087247894,32.7386867889095,7.66909034541276,9.49110566864002,19.7053836400671,2.56358185141218,43.1273694669718,1.79044396321244,12.7391434927877,19.6719212860461,240.806916435044,135.36273174139,51.7688567540419,309.822514008138,304.726605901899,207.088037262775,152.52226711659,146.022537828563,55.5037628595855,796.887986156081,395.700301839773,384.572809749696,618.33955793694,544.346596948736,71.1133832029183,89.1545337370161,36.2603015650952,9.93374793290206,72.5463578982596,273.445382768137
"50",42.2291061717083,105.275694741575,42.7253673243959,177.792228532356,218.593898602141,139.963031458111,124.452706259857,105.602117558002,113.56308355697,82.2325903283968,58.2021098469502,105.275694741575,103.672077303606,95.3486305164536,81.3937237823367,89.1687503844147,123.540633461658,121.021863181483,16.323509152251,66.3641108285553,86.4817452792212,120.793999092764,209.99081504996,76.1816514754747,231.965496284602,197.647198216172,144.554974634306,157.559068762694,232.057551031409,144.322199129917,203.410411768434,245.41299967219,234.718257399914,166.628417504877,440.97941418309,124.586677172379,100.047032752799,342.946419155409,527.609360341085
"51",140.763687239028,138.740816248831,107.645730661465,28.879955903733,48.5764219115868,6.71055630278616,3.50571003548894,11.9430966285835,0,8.90146596338316,7.27526373086877,0.69719003140116,1.46017010286769,3.81394522065814,5.7680591656774,9.90763893160163,3.58088792642487,4.63241581555918,75.7578245271136,83.4291678987553,54.2525234360332,1.56875323497097,27.5397790229456,52.539069983086,27.5669140512136,4.51249310995827,1.46756319425691,0,114.85081840387,54.2055207999689,41.9533974272396,73.3708968092114,147.32316155952,3.4859501570058,11.5038108047763,1.85950264436386,0,5.65296295311114,0.876427508872234
"52",12.7966988399116,11.1550405024186,15.5364972088712,0,12.1441054778967,0,0,6.28584033083344,0,10.5969832897419,5.45644779815158,1.39438006280232,0.730085051433847,0,7.04985009138349,5.82802290094213,10.7426637792746,1.73715593083469,20.9275758362192,7.58446980897775,8.59445915818347,1.56875323497097,4.81946132901548,15.7617209949258,1.34472751469335,0,0.733781597128457,0,10.6016140065111,0,0,5.56606803380224,19.9760219063756,0,0,0,0,0,0
"53",139.484017355036,122.705445526604,90.99948365196,77.6148814912823,151.801318473709,332.651862438114,421.561631767545,389.09351647859,467.927469944163,811.305040662636,882.125727367838,489.427402043614,439.511200963176,402.371220779434,301.861763003784,561.238605360728,435.973105042228,450.50243806313,425.666892508699,456.69343206916,919.607129925631,534.944853125099,238.219088548479,283.185587208833,166.746211821975,54.1499173194993,362.488108981458,451.191878729534,289.777449511302,138.224078039921,137.302027943693,274.761358395874,304.634334072228,73.2049532971218,91.0718355378121,499.276460011696,422.184287148338,60.2982714998521,164.76837166798
"54",38.3900965197348,48.8033021980812,46.0546167262968,15.3424765738581,18.216158216845,11.5038108047763,7.01142007097787,3.77150419850007,0,3.81491398430707,3.63763186543438,0,3.65042525716924,1.27131507355271,0,0,1.79044396321244,1.73715593083469,70.7352063264209,59.321388863076,14.5031498294346,0,19.2778453160619,2.10156279932344,0,0,0.733781597128457,0,15.9024210097666,0,4.4496027574345,14.6741793618423,49.9400547659391,0,4.79325450199011,10.2272645440012,2.12866027133616,0,0
"55",115.170289559204,183.360978258505,69.9142374399205,504.496729693335,540.412693766403,527.257995218912,460.124442157923,697.099692689429,1069.03887034257,1325.04679054932,1829.7288283135,644.203589014672,812.584662245872,558.742974826418,624.873076281719,1145.78930232522,854.041770452332,713.392035596113,722.419917866287,1247.64528357684,1358.46170069037,701.232696032022,640.299862283485,962.515762090135,1091.24637817365,2137.11673687624,1506.45361890472,532.6570790557,1070.76301465762,789.367896649548,450.681193574437,1032.25261717787,824.010903637995,759.239944195863,540.679107824485,710.330010146994,926.676771455006,1286.99123232497,389.133813939272
"56",146.522201716988,377.876997019429,120.407853368752,388.074407456412,479.692166376919,946.188438692848,407.538791625589,290.405823284505,360.904668686286,370.046656477786,567.470571007764,491.518972137818,531.501917443841,399.192933095552,319.165940500816,325.203677872571,432.392217115803,510.144791688454,380.88188021919,425.813804989751,551.119693518515,439.250905791871,502.600967168757,708.75205407183,207.088037262775,738.243872789174,443.937866262717,658.883378462176,690.282867535053,585.419624639664,704.94420828498,901.703021475964,714.142783152929,337.439975198161,253.083837705078,605.268110740436,447.018656980593,643.495616162485,354.076713584383
"57",37.1104266357436,26.4932211932441,36.6217434209107,49.637424209541,97.1528438231736,347.990276844482,123.576278750985,82.3445083339181,594.571118099318,647.263739337433,605.665705594825,600.280617036399,309.556061807951,335.627179417917,89.7253647994263,576.974267193271,106.53141581114,306.318495803851,279.592413171889,365.138046517929,584.423222756476,527.88546356773,94.3237431535887,220.664093928961,228.603677497869,2.70749586597496,277.369443714557,474.467650251295,179.638459554771,41.3317096099763,13.9844658090799,162.933991534938,104.874115008472,57.8667726062963,42.180639617513,247.313851700393,259.696553103011,201.622345327631,14.0228401419557
"58",84.4582123434166,103.184124647372,89.8897338513263,158.839757470531,NA,312.520193529755,306.749628105282,352.007058526673,251.503582956012,402.68536501019,352.850290947135,386.940467427644,449.73239168325,368.681371330287,231.363262089949,446.426554212168,336.603465083938,524.042039135132,254.89787368515,179.047662276225,382.990586236551,245.509881272956,70.9149309840849,252.187535918813,104.888746146081,307.752030099154,286.174822880098,322.279913378238,167.858888436425,202.593133989884,99.7982332738881,250.979067705992,139.832153344629,216.12890973436,151.466842262888,425.826105559324,391.673489925853,47.1080246092595,99.9127360114347
"59",70.3818436195138,42.5285919154707,71.0239872405541,90.2498621991655,66.7925801284318,249.249234103486,282.209657856859,275.948390523588,313.93355035644,108.513108886957,83.6655329049908,354.172535951789,358.471760254019,280.324973718374,237.77221671848,199.318383212221,343.765240936788,330.638678835536,51.9003880738236,54.4456582715903,127.842579977979,272.963062884948,57.1450414726121,84.0625119729375,174.814576910135,208.477181680072,350.747603427403,359.8792366057,31.8048420195332,101.635351499942,53.395233089214,54.6486679682402,39.9520438127513,64.8386729203079,105.451599043782,237.086587156392,262.534766798126,63.1247529764077,66.6084906742898
"60",62.7038243155668,26.4932211932441,77.6824860443561,19.8549696838164,60.7205273894835,22.0489707091545,7.88784757985011,10.0573445293335,19.6208468972775,5.93431064225544,7.27526373086877,9.76066043961624,7.30085051433847,10.1705205884217,7.69074555423654,23.3120916037685,3.58088792642487,10.4229355850081,15.0678546020778,13.8145700092095,4.29722957909174,17.2562855846806,27.5397790229456,0,10.0854563602001,23.464964171783,14.6756319425691,19.6948835953368,3.53387133550369,0.677569009999612,12.0774931987508,3.03603710934668,34.9580383361574,29.9791713502499,37.3873851155229,20.4545290880024,7.09553423778719,26.3804937811853,27.1692527750393
"61",143.32302700701,130.374535872017,120.962728269069,37.9049421236495,NA,12.4624617051743,21.9106877218059,30.1720335880005,38.6471226764557,164.889059988383,87.3031647704252,20.2185109106336,23.3627216458831,22.2480137871725,27.5585049026809,48.9553923679139,52.8180969147668,53.8518338558754,176.62874005769,124.602004004634,148.791574176051,15.6875323497097,61.2760083260539,80.3847770741215,30.928732837947,11.7324820858915,20.5458847195968,19.6948835953368,97.7704402822686,13.5513801999922,32.4185343755942,75.3949215487759,108.869319389747,21.612890973436,14.3797635059703,7.43801057745544,17.738835594468,11.3059259062223,23.6635427395503
"62",78.6996978654563,73.2049532971218,59.3716143339007,106.494837395015,72.8646328673802,161.053351266868,148.99267650828,108.116453690335,75.5105319986134,22.4656045742527,7.27526373086877,67.6274330459125,130.685224206659,107.426123715204,71.139396376688,92.6655641249799,67.1416486204663,59.0633016483795,73.2465154267672,31.9631227664062,82.7216693975159,138.834661294931,79.1768646909686,54.6406327824094,75.9771045801741,123.642311212857,93.1902628353141,138.759407148964,44.1733916937961,63.0139179299639,73.1006167292811,46.0465628250913,39.9520438127513,213.340149608755,120.790013450151,169.214740637111,135.524703941735,132.844629398112,176.161929283319
"63",10.2373590719293,0,15.5364972088712,0,0,0,0,0,0,0,0,0,0,0,0,0,0,0,0,0.812621765247616,0,0,0,0,0,0,0,0,0.588978555917281,0,0,1.51801855467334,0,0,0,0,0,0,0
"64",78.0598629234608,40.4370218212673,68.8044876392868,79.4198787352656,48.5764219115868,499.45711910737,306.749628105282,347.606970295089,375.768946638769,663.79503326943,294.648181100185,444.80724003394,689.930373604986,436.061070228581,234.567739404214,415.538032837174,396.583337851554,399.545864091979,143.981721753188,335.071041203767,512.44462730669,433.760269469472,35.8017127298293,166.023461146552,116.318930020974,232.844644473847,257.557340592089,488.791201956995,146.066681867486,113.831593679935,90.8990277590191,227.702783201001,29.9640328595635,156.867757065261,116.955409848559,302.169179709127,796.828494903501,100.811172663815,125.32913376873
"65",0,0,0,0,0,0,0,0,0,0,0,0,0,0,0,0,0,0,0,0,0,0,0,0,0,0,0,0,0,0,0,0,0,0,0,0,0,0,0
"66",193.230152482665,144.31833650004,146.486973683643,80.3223773572573,72.8646328673802,117.914060748957,155.127669070385,272.805470358171,313.338979238341,388.697347067731,389.226609601479,321.404604475935,207.344154607213,319.735740998508,319.806835963669,293.149551917389,551.45674066943,440.658554455067,110.079048898513,141.125313231336,248.165008192548,203.937920546226,64.7184807039221,118.212907461943,110.267656204854,46.9299283435661,129.879342691737,245.290822960104,143.710767643817,98.2475064499437,97.2556031267827,16.6982041014067,173.791390585468,37.6482616956626,64.2296103266675,145.041206260381,209.318260014722,41.4550616561483,30.6749628105282
"67",10.2373590719293,11.8522305338197,22.74987091299,0,6.67925801284318,0,4.38213754436117,1.88575209925003,0,6.78206930543479,3.63763186543438,0,5.11059536003693,0,2.56358185141218,0,1.79044396321244,1.15810395388979,13.8122000519047,47.6738102278602,16.6517646189805,0,2.75397790229456,0,2.68945502938669,0,0,0,0,0,0,4.55405566402002,9.98801095318782,0,5.75190540238813,3.71900528872772,0,0,0
"68",53.7461351276287,107.367264835779,59.9264892342176,314.972019075088,125.084286422336,469.738941195031,412.797356678822,562.582709609593,379.930944465464,1266.97532212154,1029.44981791793,339.531545292365,461.413752506191,582.262303687143,455.676674088515,451.671774823015,697.377923671244,527.516350996801,410.599037906621,1582.44545085886,1439.03475529835,310.613140524251,521.878812484819,503.849681137794,204.398582233389,46.0274297215744,248.018179829419,320.489469415026,1064.87322909844,665.372767819619,392.836357727789,858.186489575328,569.316624331706,33.4651215072557,101.61699544219,293.80141780949,324.975468090653,26.3804937811853,158.633379105874
"69",149.721376426966,52.9864423864881,98.2128573560788,0,51.0052430071661,80.5266756334339,83.2606133428623,49.6581386135842,23.7828447239727,14.4118972740489,14.5505274617375,41.8314018840696,73.7385901948186,67.3796988982939,51.9125324910966,32.0541259551817,70.7225365468912,33.585014662804,82.8732003114281,83.1582939770061,42.4351420935309,72.9470254261499,19.2778453160619,50.4375071837625,26.8945502938669,40.6124379896245,32.2863902736521,94.8935300502591,49.4741986970516,65.7241939699623,35.596822059476,28.8423525387934,84.8980931020965,26.4932211932441,61.3536576254734,73.4503544523724,85.1464108534462,48.9923455936299,27.1692527750393
"70",87.0175521113989,84.3599937995403,58.8167394335839,65.8823994053908,54.6484746505351,397.840123665179,468.888717246645,459.494928183925,331.77068389942,425.574848916033,345.575027216267,467.117321038777,439.511200963176,429.704494860818,365.951309289089,253.518996190983,597.113061731347,368.856109313899,167.420606689754,315.026370994326,410.922578500647,506.707294895622,63.3414917527749,76.7070421753055,55.1338281024272,121.837313968873,121.807745123324,480.734204122539,34.7497347991196,34.5560195099802,34.9611645226997,85.009039061707,19.9760219063756,291.425433125685,140.921682358509,451.859142580418,430.698928233682,154.514320718371,77.1256207807566
"71",206.026851322577,150.593046782651,234.712082834019,106.494837395015,103.224896562122,79.5680247330359,109.553438609029,60.9726512090844,51.7276872746407,32.2148292008152,34.5575027216267,70.4161931715171,104.40216235504,75.6432468763865,73.7029782281002,55.3662175589503,89.5221981606218,37.6383785014183,114.264564065757,84.2417896640029,71.4414417524001,82.3595448359757,117.044060847519,141.330098254501,60.5127381612006,98.3723497970904,58.7025277702766,102.055305903109,155.490338762162,72.4998840699584,126.495849818495,89.0570885408359,159.808175251005,68.3246230773137,90.1131846374141,82.7478676741917,67.4075752589783,88.5630862654078,22.7871152306781
"72",156.119725846922,139.438006280232,89.3348589510095,0,32.7890847903211,0,13.1464126330835,5.02867226466676,0,40.6924158326087,12.7317115290203,0,5.84068041147078,0,12.1770137942079,0,22.3805495401554,1.15810395388979,92.0813336793645,86.6796549597457,19.8746868032993,0,34.424723778682,77.7578235749672,0,0,0,0,92.4696332790131,16.9392252499903,43.8603700375687,24.2882968747734,394.526432650919,0,3.83460360159209,3.71900528872772,1.41910684755744,0,0
"73",40.9494362877171,186.846928415511,14.9816223085544,288.79955903733,100.796075466543,125.583267952141,92.0248884315846,79.8301722015847,96.3205211320896,97.0683669340354,83.6655329049908,103.881314678773,76.658930400554,115.689671693297,95.4934239651037,104.904412216958,118.169301572021,83.3834846800652,66.9682426759015,141.667061074834,160.071801821167,145.109674234814,172.812113368984,344.130908389213,221.880039924402,464.786790325702,155.561698591233,161.139956689119,352.209176438534,542.055207999689,225.022768018831,321.819933590748,184.778202633975,283.059152748871,532.051249720902,77.1693597411001,63.8598081400847,362.731789491298,160.386234123619
"74",46.0681158236818,39.042641758465,26.079120314891,0,6.67925801284318,16.2970653067664,21.9106877218059,28.2862814887505,4.16199782669523,19.9223285847147,18.1881593271719,0,2.92034020573539,3.81394522065814,7.69074555423654,2.91401145047107,22.3805495401554,18.5296632622367,65.2940366090039,53.9039104280919,19.8746868032993,2.35312985245645,11.0159116091782,14.1855488954332,0,0,0,3.58088792642487,2.9448927795864,0,0,5.06006184891113,119.856131438254,0,3.83460360159209,50.2065713978242,26.2534766798126,0,3.50571003548894
"75",151.001046310957,177.086267975895,130.950476474772,143.497280896673,NA,1147.50512777643,714.288419730871,438.751655092174,612.408251642298,363.264587172351,296.466997032902,730.655152908416,820.615597811644,710.029468579191,308.270717632315,435.353310700377,466.410652416839,461.504425625083,310.565225409493,103.202964186447,244.404932310842,767.904708518288,119.798038749813,302.625043102575,667.657211045247,713.876409995399,627.383265544831,1090.38037359637,176.104588219267,128.060542889927,124.588877208166,184.692257485256,174.790191680787,634.442928575055,345.114324143288,1049.6892427434,894.037313961185,788.588331959004,83.2606133428623
"76",43.5087760556994,204.973869231941,8.32312350475244,225.624655497914,655.781695806422,243.497328701098,120.946996224368,253.947949365671,587.436264682126,485.341834670177,523.818988622551,361.144436265801,240.197981921736,250.449069489885,447.985928534278,562.98701223101,633.817162977202,452.239593993965,145.655927820086,565.313874690592,579.051685782611,450.232178436667,547.353108081044,760.765733355085,1207.56530819463,181.402223020323,484.295854104782,368.831456421762,2201.6018420188,1714.24959529902,1447.39221123977,1618.71378546667,1198.56131438254,191.030068603918,120.790013450151,147.830460226927,224.928435337854,135.671110874667,365.470271199722
"77",75.5005231554784,211.945769545953,65.4752382373859,536.986680085035,179.125555798976,570.397285736823,267.310390206031,160.288928436253,202.154180153768,163.617421993614,145.505274617375,250.291221273016,262.100533464751,230.108028313041,165.351029416086,216.802451915047,255.138264757772,202.089139953769,84.1288548616012,162.253479127774,235.810473152659,343.556958458642,568.007942348253,234.324252124563,664.295392258513,819.468748768423,308.188270793952,429.706551170985,679.092274972625,407.896544019766,937.594866745127,892.594910147924,339.592372408386,556.357645058126,600.115463649162,399.79306853823,300.850651682177,712.273332092003,309.378910631899
"78",6.3983494199558,19.5213208792325,4.43899920253463,0,6.67925801284318,16.2970653067664,10.5171301064668,24.5147772902504,5.94571118099318,22.4656045742527,25.4634230580407,3.4859501570058,5.84068041147078,10.1705205884217,37.1719368454766,9.90763893160163,58.1894288044042,5.21146779250407,6.69682426759015,34.4009880621491,14.5031498294346,2.35312985245645,7.57343923131004,0,0,0,0,0,0,0,2.54263014710543,0,0,3.4859501570058,0,46.4875661090965,2.12866027133616,0,0
"79",3.83900965197348,14.6409906594244,8.32312350475244,687.703949957641,32.7890847903211,414.137188971946,144.610538963919,181.032201528003,493.494028022434,232.709753042731,174.60632954085,432.95500950012,210.264494812948,290.495494306795,217.904457370035,477.897877877255,422.544775318135,354.379809890277,185.836873425627,309.608892559342,519.427625372714,423.563373442161,57.8335359481857,753.410263557453,1196.80748807708,864.593679868005,NA,174.568286413212,769.794972583886,1263.66620364928,258.712617467977,766.599370110036,49.9400547659391,343.017495449371,781.300483824388,165.495735348383,250.472358593888,342.004258663224,65.7320631654176
"80",189.391142830692,261.446261775435,233.047458133068,276.164578329446,369.18080652806,7.66920720318418,13.1464126330835,5.02867226466676,13.080564598185,22.0417252426631,7.27526373086877,8.36628037681392,4.38051030860308,8.899205514869,1.92268638855913,4.66241832075371,3.58088792642487,1.15810395388979,61.5270729584845,79.095185150768,59.0869067125114,2.35312985245645,201.728881343076,172.853540244353,174.814576910135,159.742256092523,NA,0,235.591422366912,121.96242179993,234.557631070476,230.738820310348,204.75422454035,46.0145420724765,312.520193529755,14.8760211549109,16.3197287469105,109.290617093482,549.520048062891
"81",17.9153783758762,36.9510716642615,11.0974980063366,6.31749035394158,11.5369002040019,0,4.38213754436117,2.51433613233338,0,7.20594863702446,0,0,8.03093556577232,3.17828768388179,1.28179092570609,0,1.79044396321244,5.79051976944897,0,0.812621765247616,0,0,19.9663397916356,0,0,0,NA,0,0,0,2.54263014710543,1.51801855467334,9.98801095318782,0,14.3797635059703,132.024687749834,1.41910684755744,11.3059259062223,2.6292825266167
"82",203.467511554594,161.748087285069,150.371097985861,72.1998897593324,114.154591492229,121.748664350549,87.6427508872234,69.1442436391679,85.0236698882025,87.7430216390626,58.2021098469502,85.7543738623427,117.543693280849,83.9067948544792,69.8576054509819,55.9490198490445,98.474417976684,85.6996925878448,121.798491366796,172.817562075993,67.1442121733084,120.793999092764,86.061809446705,138.177754055516,93.4585622711876,144.399779518665,64.5727805473042,125.33107742487,81.2790407165848,54.8830898099685,74.3719318028338,64.2627854811714,234.718257399914,71.1133832029183,79.5680247330359,0,61.0215944449698,102.695493648186,0
"83",49.9071254756552,52.9864423864881,35.5119936202771,18.0499724398331,27.3242373252676,0.958650900398022,0,1.25716806616669,0,0,0,0,0,0,3.20447731426522,2.33120916037685,0,0,61.5270729584845,7.31359588722855,18.8003794085263,0,19.9663397916356,36.7773489881602,0,6.31749035394158,16.8769767339545,0,63.0207054831491,6.77569009999612,15.2557808826326,29.8543649085757,49.9400547659391,2.09157009420348,26.8422252111446,0,0,1.88432098437038,12.2699851242113
"84",0,0,0,0,0,0,0,0,0,0,0,0,0,0,0,0,0,0,0,2.97961313924126,0,0,0,1.05078139966172,0,0,0,0,0,0,0,0,0,0,2.87595270119407,2.78925396654579,0,0,0
"85",85.7378822274077,107.367264835779,107.645730661465,36.0999448796662,64.9709643067473,7.66920720318418,38.5628103903783,50.9153066797509,67.7811074633223,837.585559221196,360.125554678004,10.4578504710174,37.9644226745601,69.286671508623,49.3489506396845,127.633701530633,64.4559826756477,62.5376135100489,139.37765506922,132.99909557886,129.454041070139,10.9812726447968,41.3096685344184,75.6562607756438,6.05127381612006,23.464964171783,26.4161374966245,12.533107742487,112.494904180201,21.6822083199876,13.9844658090799,55.6606803380224,74.9100821489086,45.3173520410754,28.7595270119407,20.4545290880024,31.2203506462636,16.9588888593334,17.5285501774447
"86",78.0598629234608,251.685601335819,38.841243022178,1112.78080091571,599.311605334202,187.895576478012,109.553438609029,80.4587562346681,393.606080181749,319.605016018614,360.125554678004,290.728243094284,92.7208015320986,191.96857610646,94.2116330393976,495.964748870176,75.1986464549223,166.187917383185,375.440710501773,1194.82486883575,1465.89244016767,327.869426108932,1091.26374378422,581.607504712762,751.702680713581,785.17380113274,519.517370766948,NA,1728.0630830613,912.007887459477,971.284716194274,1240.22115916812,1078.70518294428,399.489887992865,504.25037360936,169.214740637111,125.590956008833,626.536727303151,2065.73963841186
"87",44.7884459396906,151.290236814052,66.0301131377027,468.396784813669,282.957657634993,242.5386778007,245.399702484226,200.518306553587,266.367860908495,152.172680040693,185.519225137154,284.453532811673,312.476402013687,202.139096694882,157.019388398996,167.847059547133,180.834840284456,197.45672413821,89.1514730622938,129.47773459612,291.674457680852,217.272323043479,232.71113274389,124.517595859914,266.928411666629,267.13959210953,209.12775518161,156.663846781088,180.816416666605,142.967061109918,186.247658275473,153.319874022007,499.400547659391,348.59501570058,806.225407234737,285.433655909852,188.03165730136,358.020987030372,623.139958808159
"88",3.83900965197348,16.7325607536278,7.21337370411878,58.6624104294576,96.5456385492787,183.102321976022,184.049776863169,82.3445083339181,83.8345276520039,20.3462079163044,18.1881593271719,119.916685400999,120.464033486585,127.131507355271,78.1892464680715,88.0031458042262,136.073741204145,53.8518338558754,28.8800546539825,17.0650570701999,71.9785954497866,130.20651850259,24.785801120651,92.9941538700621,93.4585622711876,80.3223773572573,76.3132861013596,152.187736873057,60.0758127035627,48.1073997099724,45.7673426478977,106.261298827134,136.336349511014,106.670074804377,86.278581035822,219.421312034935,158.939966926433,136.613271366853,218.230449709186
"89",34.5510868677613,37.6482616956626,14.9816223085544,46.9299283435661,1.8216158216845,26.8422252111446,122.699851242113,50.9153066797509,34.4851248497605,70.3639690438859,98.2160603667284,28.5847912874476,83.9597809148924,38.7751097433578,32.0447731426522,29.7229167948049,66.2464266388601,38.7964824553081,46.4592183564067,80.1786808377648,71.4414417524001,21.9625452895935,36.4902072054029,29.4218791905281,0,28.879955903733,14.6756319425691,22.3805495401554,12.9575282301802,15.5840872299911,19.0697261032907,24.2882968747734,64.9220711957208,20.9157009420348,38.3460360159209,75.3098570967363,56.7642739022975,45.2237036248891,15.7756951597002
"90",6.3983494199558,6.9719003140116,0.554874900316829,98.3723497970904,85.6159436191717,17.2557162071644,0,11.3145125955002,0,45.3550884800951,21.8257911926063,12.5494205652209,24.092806697317,12.7131507355271,33.9674595312114,1.74840687028264,94.8935300502591,8.68577965417346,10.4637879181096,84.2417896640029,88.0932063713806,12.5500258797677,57.8335359481857,26.7949256913738,0,19.8549696838164,3.66890798564229,10.7426637792746,139.587917752396,40.6541405999767,90.2633702222428,72.8648906243203,64.9220711957208,14.6409906594244,470.697592095429,5.57850793309158,2.83821369511487,10.3637654140371,47.3270854791007
"91",80.6192026914431,69.719003140116,68.24961273897,722.901396215316,52.2196535549558,88.1958828366181,39.4392378992505,17.6003529263336,32.1068403773632,139.880179424592,72.7526373086877,38.3454517270638,10.9512757715077,19.0697261032907,10.8952228685018,43.710171757066,23.2757715217617,23.7411310547408,74.5021699769404,106.995199090936,131.602655859684,47.062597049129,130.125455883418,104.552749266341,130.438568925255,277.96957557343,93.1902628353141,53.7133188963731,308.624763300655,144.322199129917,263.797877762188,195.824393552861,166.799782918237,285.150722843074,9.58650900398022,50.2065713978242,NA,774.455924576226,81.5077583251178
"92",46.0681158236818,10.4578504710174,74.3532366424551,0,18.8233634907399,5.75190540238813,17.5285501774447,8.17159243008348,0,27.1282772217391,0,0,8.76102061720617,6.99223290453993,19.2268638855913,4.66241832075371,10.7426637792746,2.31620790777959,66.1311396424527,46.5903145408633,6.98299806602407,8.62814279234031,0.68849447557364,14.7109395952641,8.74072884550675,3.60999448796662,5.1364711798992,0.895221981606218,0,0,0,0,24.9700273829695,3.4859501570058,4.79325450199011,11.1570158661832,NA,0,0
"93",52.4664652436376,34.1623115386568,57.1521147326334,31.5874517697079,34.0034953381107,177.350416573634,244.523274975353,160.288928436253,206.910749098563,293.748376791644,316.473972292791,172.205937756086,249.689087590376,217.394877577514,219.827143758594,184.748325959866,360.774458587306,246.676142178526,48.5519759400286,68.8019761242982,131.065502162298,99.6158304206564,14.4583839870464,25.2187535918813,91.4414709991476,88.4448649551822,76.3132861013596,134.283297240933,12.3685496742629,8.13082811999534,21.6123562503962,48.5765937495469,9.98801095318782,67.6274330459125,14.3797635059703,206.404793524388,NA,94.216049218519,14.899267650828
"94",98.5345810673193,95.5150343019589,74.3532366424551,9.02498621991655,92.2952016320149,176.391765673236,319.896040738366,240.119100637838,204.532464626165,140.304058756182,138.230010886507,288.63667300008,221.94585563589,170.356219856064,289.043853746723,184.748325959866,384.945452090674,210.774919607943,51.9003880738236,76.3864459332759,152.551650057757,225.900465835819,24.0973066450774,85.1132933725993,137.834570256068,90.2498621991655,135.749595468765,167.406510560363,58.8978555917281,51.4952447599705,25.4263014710543,NA,39.9520438127513,34.859501570058,0,235.227084512028,NA,29.2069752577409,5.25856505323341
"95",43.5087760556994,52.9864423864881,90.99948365196,2.70749586597496,60.1133221155886,222.407008892341,21.9106877218059,18.8575209925003,90.9693810691957,13.9880179424592,1.45505274617375,112.247595055587,58.4068041147078,76.2789044131629,24.3540275884157,129.382108400915,3.58088792642487,59.0633016483795,7.11537578431453,21.6699137399364,46.1952179752362,145.109674234814,11.0159116091782,27.3203163912047,0.672363757346673,24.3674627937747,14.6756319425691,152.187736873057,7.65672122692465,6.77569009999612,0,27.8303401690112,39.9520438127513,156.867757065261,9.58650900398022,83.6776189963737,NA,29.2069752577409,7.01142007097787
"96",138.204347471045,78.7824735483311,134.83460077699,83.0298732232323,77.115069784644,131.335173354529,122.699851242113,106.859285624169,44.5928338574489,44.0834504853261,21.8257911926063,59.2611526690986,113.89326802368,101.705205884217,117.283869702107,52.4522061084792,172.77784245,96.7016801497978,89.5700245790182,43.0689535581237,107.96789317468,89.4189343933451,68.849447557364,69.3515723776735,72.6152857934407,59.5649090514492,55.0336197846343,109.217081755959,46.5293059174652,35.9111575299794,38.1394522065814,NA,69.9160766723147,46.7117321038777,86.278581035822,170.144491959293,NA,49.9345060858151,94.6541709582013
"97",46.0681158236818,48.10611216668,57.7069896329502,24.3674627937747,56.4700904722196,16.2970653067664,43.8213754436117,35.2007058526673,46.3765472117468,57.223709764606,69.1150054432533,32.0707414444534,32.1237422630893,33.6898494491469,34.6083549940644,36.1337419858412,37.5993232274611,33.585014662804,98.3596064302303,112.141803604171,74.1272102393324,32.1594413169048,24.0973066450774,NA,58.4956468891606,2.70749586597496,26.4161374966245,40.2849891722798,NA,NA,16.5270959561853,94.6231565746381,52.4370575042361,9.06347040821508,14.3797635059703,23.2437830545482,17.738835594468,10.3637654140371,0.876427508872234
"98",239.298268306347,148.501476688447,276.882575258098,57.7599118074659,177.911145251187,92.0304864382101,85.0134683606067,130.116894848252,117.130510265566,184.811388573098,167.331065809982,85.7543738623427,99.2915669950032,76.9145619499393,172.400879507469,102.573203056582,205.90105576943,171.39938517569,141.051861136118,108.891316543181,124.082504096274,85.4970513059177,69.5379420329376,128.19533075873,114.301838748934,NA,93.9240444324425,NA,147.833617535238,NA,75.6432468763865,129.537583332125,202.257221802053,64.8386729203079,62.3123085258715,92.9751322181929,56.7642739022975,65.0090739607781,29.798535301656
"99",15.3560386078939,6.27471028261044,4.99387410285146,1.80499724398331,63.7565537589577,0,0,0,0,2.11939665794837,0,4.18314018840696,1.46017010286769,1.27131507355271,0,0,0,5.79051976944897,0,11.918452556965,1.6114610921594,0,8.95042818245732,1.57617209949258,0,0,0,0,1.17795711183456,0,1.27131507355271,7.5900927733667,0,0,0,0,0,0,32.4278178282727
"100",5.11867953596464,27.1904112246452,0.554874900316829,41.5149366116161,582.309857665147,0.958650900398022,0,0.628584033083344,0,8.47758663179348,3.63763186543438,0,0,6.35657536776357,0.640895462853045,0,0,2.31620790777959,0,12.4602004004634,18.2632257111399,0,27.5397790229456,NA,26.8945502938669,32.4899503916996,4.40268958277074,0,108.37205428878,40.6541405999767,19.7053836400671,62.2387607416069,24.9700273829695,23.7044610676394,57.5190540238813,4.64875661090965,0,26.3804937811853,482.035129879729
"101",94.6955714153459,110.156024961383,103.761606359247,429.589344068028,284.172068182783,21.0903198087565,4.38213754436117,11.9430966285835,95.7259500139902,167.856215309511,65.4773735778189,134.557676060424,5.84068041147078,19.7053836400671,16.0223865713261,94.4139709952626,22.3805495401554,66.5909773486632,80.7804427278062,63.9262455328125,85.9445915818347,162.365959819495,139.075884065875,108.230484165157,35.6352791393737,179.597225776339,33.753953467909,143.235517056995,245.015079261589,90.1166783299483,172.263192466393,206.450523435574,314.622345025416,79.4796635797322,297.181779123387,4.64875661090965,0,80.0836418357411,311.131765649643
"102",126.687318515125,93.4234642077554,11.0974980063366,1.80499724398331,1.8216158216845,2.87595270119407,0,1.88575209925003,0,0,0,0,1.46017010286769,0,0,0,0,0,28.8800546539825,31.4213749229078,8.057305460797,0,28.9167679740929,26.7949256913738,0,0,0,17.9044396321244,11.7795711183456,0,0,0,59.9280657191269,0,4.79325450199011,4.64875661090965,0,0,0
"103",41.5892712297127,6.9719003140116,18.8657466107722,14.4399779518665,6.07205273894835,14.3797635059703,113.93557615339,96.1733570617517,35.0796959678598,86.8952629758832,76.3902691741221,48.10611216668,67.167824731914,45.1316851111214,137.792524513405,30.3057190848991,191.577504063731,84.541588633955,42.6922547058872,44.6941970886189,16.114610921594,40.7875841092451,6.8849447557364,9.45703259695547,10.7578201175468,9.02498621991655,20.5458847195968,13.4283297240933,1.76693566775184,5.42055207999689,1.90697261032907,0,0,NA,0,97.6238888291026,56.7642739022975,8.47944442966671,8.76427508872234
"104",333.993839721693,273.298492309255,269.114326653662,52.344920075516,250.775778118567,17.2557162071644,61.3499256210564,86.1160125324182,40.4308360307536,111.904143539674,90.9407966358596,20.2185109106336,32.1237422630893,32.4185343755942,124.974615256344,44.2929740471602,172.77784245,58.4842496714346,232.714643298758,132.457347735361,113.339430148545,24.31567514205,99.8316989581778,146.58400525281,45.0483717422271,13.5374793298748,44.0268958277074,27.7518814297927,188.47313789353,NA,47.6743152582268,144.717768878858,359.068993767102,NA,52.7257995218912,37.1900528872772,28.3821369511487,2.82648147655557,96.4070259759458
"105",0,0,0.554874900316829,0,0,0,0,5.02867226466676,0,2.11939665794837,0,1.39438006280232,0,0,2.56358185141218,0.582802290094213,1.79044396321244,3.47431186166938,12.5565455017315,12.4602004004634,2.68576848693233,1.56875323497097,0,0,0,0,0,0,0,0,0,0,0,NA,0,0,0,0,0
"106",212.425200742533,195.213208792325,127.621227072871,55.9549145634826,101.403280740437,48.8911959202991,92.0248884315846,113.145125955002,165.88534194971,444.225539505979,316.473972292791,135.254866091825,90.5305463777971,94.7129729796773,153.814911084731,198.735580922127,8.95221981606218,179.506112852918,170.350467306824,135.436960874603,113.339430148545,78.4376617485483,68.849447557364,130.822284257884,49.7549180436538,52.344920075516,79.2484124898734,57.2942068227979,105.427161509193,3.38784504999806,20.3410411768434,65.7808040358447,158.809374155686,NA,57.5190540238813,51.1363227200061,42.5732054267231,20.7275308280742,17.5285501774447
"107",107.492270255257,200.093539012133,42.170492424079,425.979349580061,295.708968386785,176.391765673236,43.8213754436117,80.4587562346681,160.534201886816,375.980967120041,214.620280060629,31.3735514130522,77.3890154519878,68.6510139718466,57.680591656774,279.745099245222,8.95221981606218,92.6483163111835,137.284897485598,339.134150030005,590.331913427727,112.95023291791,292.610152118797,477.054755446421,416.193165797591,887.156145417797,239.212800663877,107.426637792746,765.672122692465,575.93365849967,391.565042654236,NA,344.58637788498,NA,632.709594262695,32.5412962763675,74.5031094967654,825.332591154226,503.945817601535
"108",47.3477857076729,61.3527227633021,21.0852462120395,55.9549145634826,372.216832897534,89.1545337370161,26.292825266167,37.7150419850007,66.5919652271236,94.948970276087,58.2021098469502,62.0499127947032,35.0440824688247,38.7751097433578,53.8352188796558,104.904412216958,NA,44.0079502478122,9.62668488466084,52.5495408193458,119.785274517182,65.1032592512951,68.849447557364,36.7773489881602,75.3047408228274,18.9524710618248,157.02926178549,109.217081755959,149.011574647072,27.1027603999845,44.496027574345,108.791329751589,60.9268668144457,NA,139.004380557713,55.7850793309158,42.5732054267231,99.8690121716301,530.238642867702